,State2,Crop,Value,Area ,state_order
375,Jammu & Kashmir,Horse-gram,14.0,179.33802816901408,0
386,Jammu & Kashmir,Peas & beans (Pulses),14.0,94.03017241379311,0
384,Jammu & Kashmir,Other Cereals,14.0,441.95327102803736,0
383,Jammu & Kashmir,Other  Rabi pulses,14.0,51.65384615384615,0
382,Jammu & Kashmir,Onion,14.0,56.4478527607362,0
381,Jammu & Kashmir,Moth,14.0,223.55045871559633,0
380,Jammu & Kashmir,Moong(Green Gram),14.0,135.65030674846625,0
379,Jammu & Kashmir,Masoor,14.0,75.0909090909091,0
378,Jammu & Kashmir,Maize,14.0,18866.82874617737,0
377,Jammu & Kashmir,Linseed,14.0,39.431372549019606,0
376,Jammu & Kashmir,Jowar,14.0,765.8,0
368,Jammu & Kashmir,Cotton(lint),14.0,11.066666666666666,0
374,Jammu & Kashmir,Groundnut,14.0,13.153846153846153,0
373,Jammu & Kashmir,Gram,14.0,115.46428571428571,0
372,Jammu & Kashmir,Ginger,14.0,9.581395348837209,0
371,Jammu & Kashmir,Garlic,14.0,67.41221374045801,0
370,Jammu & Kashmir,Dry chillies,14.0,67.57446808510639,0
369,Jammu & Kashmir,Cowpea(Lobia),14.0,192.52941176470588,0
387,Jammu & Kashmir,Potato,14.0,104.3945945945946,0
388,Jammu & Kashmir,Ragi,14.0,1194.909090909091,0
385,Jammu & Kashmir,Other Kharif pulses,14.0,280.3970588235294,0
390,Jammu & Kashmir,Rice,14.0,16104.19266055046,0
366,Jammu & Kashmir,Barley,14.0,963.8011049723757,0
365,Jammu & Kashmir,Bajra,14.0,2564.521739130435,0
364,Jammu & Kashmir,Arhar/Tur,14.0,12.0,0
389,Jammu & Kashmir,Rapeseed &Mustard,14.0,3397.111475409836,0
367,Jammu & Kashmir,Coriander,14.0,4.5,0
398,Jammu & Kashmir,Wheat,14.0,20324.366141732284,0
397,Jammu & Kashmir,Urad,14.0,1165.3085106382978,0
399,Jammu & Kashmir,other oilseeds,14.0,73.4090909090909,0
395,Jammu & Kashmir,Tobacco,14.0,9.590909090909092,0
394,Jammu & Kashmir,Sugarcane,14.0,68.275,0
393,Jammu & Kashmir,Small millets,14.0,329.685393258427,0
392,Jammu & Kashmir,Sesamum,14.0,956.3723404255319,0
391,Jammu & Kashmir,Sannhamp,14.0,39.29090909090909,0
396,Jammu & Kashmir,Turmeric,14.0,4.146341463414634,0
353,Himachal Pradesh,Rice,13.0,6981.363636363636,1
354,Himachal Pradesh,Sannhamp,13.0,11.882352941176471,1
355,Himachal Pradesh,Sesamum,13.0,303.96153846153845,1
356,Himachal Pradesh,Small millets,13.0,989.3589743589744,1
352,Himachal Pradesh,Rapeseed &Mustard,13.0,818.5339366515838,1
357,Himachal Pradesh,Soyabean,13.0,84.20567375886525,1
362,Himachal Pradesh,Urad,13.0,942.0456621004566,1
363,Himachal Pradesh,Wheat,13.0,29630.886363636364,1
361,Himachal Pradesh,Turmeric,13.0,25.217054263565892,1
360,Himachal Pradesh,Tobacco,13.0,10.527272727272727,1
359,Himachal Pradesh,Sweet potato,13.0,51.0,1
351,Himachal Pradesh,Ragi,13.0,294.2201834862385,1
358,Himachal Pradesh,Sugarcane,13.0,321.85271317829455,1
350,Himachal Pradesh,Potato,13.0,659.7101449275362,1
337,Himachal Pradesh,Gram,13.0,96.4696132596685,1
348,Himachal Pradesh,Other Kharif pulses,13.0,666.310606060606,1
331,Himachal Pradesh,Barley,13.0,2029.7377049180327,1
332,Himachal Pradesh,Coriander,13.0,21.54225352112676,1
333,Himachal Pradesh,Cotton(lint),13.0,10.9,1
334,Himachal Pradesh,Dry chillies,13.0,70.45283018867924,1
335,Himachal Pradesh,Garlic,13.0,376.04545454545456,1
336,Himachal Pradesh,Ginger,13.0,249.8148148148148,1
338,Himachal Pradesh,Groundnut,13.0,21.053763440860216,1
349,Himachal Pradesh,Peas & beans (Pulses),13.0,392.21478873239437,1
339,Himachal Pradesh,Horse-gram,13.0,213.46268656716418,1
341,Himachal Pradesh,Linseed,13.0,443.3220338983051,1
342,Himachal Pradesh,Maize,13.0,24266.321969696968,1
343,Himachal Pradesh,Masoor,13.0,69.0,1
344,Himachal Pradesh,Moong(Green Gram),13.0,35.53146853146853,1
345,Himachal Pradesh,Moth,13.0,5.348837209302325,1
346,Himachal Pradesh,Onion,13.0,82.70270270270271,1
347,Himachal Pradesh,Other  Rabi pulses,13.0,832.3617021276596,1
340,Himachal Pradesh,Jowar,13.0,95.66666666666667,1
330,Himachal Pradesh,Bajra,13.0,66.91666666666667,1
329,Himachal Pradesh,Arhar/Tur,13.0,37.475,1
762,Punjab,Moth,26.0,137.5,2
770,Punjab,Urad,26.0,542.6086956521739,2
769,Punjab,Sunflower,26.0,1280.952380952381,2
768,Punjab,Sugarcane,26.0,6503.401360544218,2
761,Punjab,Moong(Green Gram),26.0,1157.6119402985075,2
767,Punjab,Sesamum,26.0,864.8305084745763,2
766,Punjab,Rice,26.0,141584.82142857142,2
765,Punjab,Rapeseed &Mustard,26.0,2209.438775510204,2
764,Punjab,Peas & beans (Pulses),26.0,334.6456692913386,2
763,Punjab,Other  Rabi pulses,26.0,536.3636363636364,2
771,Punjab,Wheat,26.0,177888.39285714287,2
759,Punjab,Maize,26.0,11102.405498281787,2
757,Punjab,Jowar,26.0,100.0,2
756,Punjab,Guar seed,26.0,4235.135135135135,2
760,Punjab,Masoor,26.0,361.3138686131387,2
755,Punjab,Groundnut,26.0,839.0243902439024,2
754,Punjab,Gram,26.0,417.9591836734694,2
753,Punjab,Cotton(lint),26.0,47296.50655021834,2
752,Punjab,Barley,26.0,1862.3853211009175,2
751,Punjab,Bajra,26.0,1073.6842105263158,2
750,Punjab,Arhar/Tur,26.0,511.4068441064639,2
758,Punjab,Linseed,26.0,105.88235294117646,2
772,Punjab,other oilseeds,26.0,520.0,2
994,Uttarakhand,Other Kharif pulses,35.0,1059.9959016393443,3
977,Uttarakhand,Arhar/Tur,35.0,225.4759825327511,3
978,Uttarakhand,Bajra,35.0,8.875,3
979,Uttarakhand,Barley,35.0,1692.3772893772893,3
981,Uttarakhand,Garlic,35.0,146.03030303030303,3
982,Uttarakhand,Gram,35.0,71.72972972972973,3
990,Uttarakhand,Moth,35.0,367.06666666666666,3
984,Uttarakhand,Horse-gram,35.0,947.578947368421,3
985,Uttarakhand,Jowar,35.0,4.0,3
986,Uttarakhand,Linseed,35.0,1883.0,3
987,Uttarakhand,Maize,35.0,1563.7578347578349,3
991,Uttarakhand,Onion,35.0,266.98880597014926,3
980,Uttarakhand,Dry chillies,35.0,472.5833333333333,3
989,Uttarakhand,Moong(Green Gram),35.0,397.85393258426967,3
993,Uttarakhand,Other Cereals,35.0,1780.2919708029196,3
983,Uttarakhand,Groundnut,35.0,222.37719298245614,3
1011,Uttarakhand,other oilseeds,35.0,62.829787234042556,3
1010,Uttarakhand,Wheat,35.0,27344.534798534798,3
1009,Uttarakhand,Urad,35.0,759.2646153846154,3
1008,Uttarakhand,Turmeric,35.0,73.42307692307692,3
1007,Uttarakhand,Tobacco,35.0,19.305084745762713,3
1006,Uttarakhand,Sunflower,35.0,25.033898305084747,3
1005,Uttarakhand,Sugarcane,35.0,20834.66037735849,3
992,Uttarakhand,Other  Rabi pulses,35.0,16.956521739130434,3
1004,Uttarakhand,Soyabean,35.0,832.28,3
1002,Uttarakhand,Sesamum,35.0,156.43560606060606,3
1001,Uttarakhand,Sannhamp,35.0,4007.0,3
1000,Uttarakhand,Rice,35.0,17404.257575757576,3
999,Uttarakhand,Rapeseed &Mustard,35.0,1000.0842490842491,3
998,Uttarakhand,Ragi,35.0,10307.017167381975,3
997,Uttarakhand,Potato,35.0,621.6645021645022,3
996,Uttarakhand,Peas & beans (Pulses),35.0,376.1003717472119,3
995,Uttarakhand,Other Summer Pulses,35.0,7.5,3
988,Uttarakhand,Masoor,35.0,870.8974358974359,3
1003,Uttarakhand,Small millets,35.0,5491.684523809524,3
328,Haryana,other oilseeds,12.0,422.6333333333333,4
322,Haryana,Sunflower,12.0,1421.8240740740741,4
326,Haryana,Urad,12.0,213.373786407767,4
323,Haryana,Sweet potato,12.0,15.901408450704226,4
321,Haryana,Sugarcane,12.0,6533.217494089835,4
320,Haryana,Soyabean,12.0,2.5,4
319,Haryana,Sesamum,12.0,197.0922190201729,4
318,Haryana,Sannhamp,12.0,48.75757575757576,4
317,Haryana,Rice,12.0,60398.87053571428,4
316,Haryana,Rapeseed &Mustard,12.0,27323.375886524824,4
315,Haryana,Potato,12.0,1103.7216216216216,4
314,Haryana,Peas & beans (Pulses),12.0,354.51275510204084,4
313,Haryana,Other Kharif pulses,12.0,1928.5,4
312,Haryana,Other  Rabi pulses,12.0,7435.857142857143,4
310,Haryana,Moth,12.0,593.2083333333334,4
309,Haryana,Moong(Green Gram),12.0,1128.6446540880504,4
308,Haryana,Masoor,12.0,357.74817518248176,4
307,Haryana,Maize,12.0,906.6246153846154,4
327,Haryana,Wheat,12.0,119052.31905781584,4
306,Haryana,Jute,12.0,652.0,4
304,Haryana,Horse-gram,12.0,285.140625,4
303,Haryana,Guar seed,12.0,16834.633333333335,4
302,Haryana,Groundnut,12.0,249.0279069767442,4
301,Haryana,Gram,12.0,6649.968085106383,4
300,Haryana,Ginger,12.0,80.06896551724138,4
299,Haryana,Garlic,12.0,139.38095238095238,4
298,Haryana,Dry chillies,12.0,96.77777777777777,4
297,Haryana,Cotton(lint),12.0,33716.09595959596,4
296,Haryana,Coriander,12.0,106.04497041420117,4
295,Haryana,Castor seed,12.0,442.4029850746269,4
294,Haryana,Barley,12.0,1901.6542288557214,4
293,Haryana,Banana,12.0,25.75,4
292,Haryana,Bajra,12.0,27741.729306487694,4
291,Haryana,Arhar/Tur,12.0,978.8115183246073,4
305,Haryana,Jowar,12.0,6764.814545454546,4
311,Haryana,Onion,12.0,680.3240997229917,4
325,Haryana,Turmeric,12.0,136.58653846153845,4
324,Haryana,Tobacco,12.0,7.333333333333333,4
949,Uttar Pradesh,Groundnut,34.0,1722.510989010989,5
958,Uttar Pradesh,Onion,34.0,187.08692152917504,5
956,Uttar Pradesh,Moong(Green Gram),34.0,674.6364369205966,5
955,Uttar Pradesh,Masoor,34.0,7223.453856749311,5
954,Uttar Pradesh,Maize,34.0,5371.392285714286,5
953,Uttar Pradesh,Linseed,34.0,848.1767578125,5
952,Uttar Pradesh,Jute,34.0,12.181818181818182,5
951,Uttar Pradesh,Jowar,34.0,3834.283880171184,5
950,Uttar Pradesh,Guar seed,34.0,38.854211663066955,5
948,Uttar Pradesh,Gram,34.0,9416.188514357054,5
947,Uttar Pradesh,Ginger,34.0,88.55813953488372,5
946,Uttar Pradesh,Garlic,34.0,554.5145180023229,5
945,Uttar Pradesh,Dry chillies,34.0,211.55422794117646,5
944,Uttar Pradesh,Cotton(lint),34.0,358.1111111111111,5
943,Uttar Pradesh,Coriander,34.0,102.48755656108597,5
942,Uttar Pradesh,Castor seed,34.0,4.571428571428571,5
941,Uttar Pradesh,Barley,34.0,2796.836417910448,5
940,Uttar Pradesh,Banana,34.0,452.7132075471698,5
939,Uttar Pradesh,Bajra,34.0,13667.2245308311,5
938,Uttar Pradesh,Arhar/Tur,34.0,4745.58892733564,5
959,Uttar Pradesh,Other  Rabi pulses,34.0,5283.535714285715,5
960,Uttar Pradesh,Other Kharif pulses,34.0,8668.214285714286,5
957,Uttar Pradesh,Moth,34.0,4673.445,5
962,Uttar Pradesh,Potato,34.0,6860.160926365796,5
976,Uttar Pradesh,Wheat,34.0,129752.63404507711,5
975,Uttar Pradesh,Urad,34.0,3737.121223286662,5
961,Uttar Pradesh,Peas & beans (Pulses),34.0,4873.216196673898,5
973,Uttar Pradesh,Tobacco,34.0,819.3470031545742,5
972,Uttar Pradesh,Sweet potato,34.0,262.8541666666667,5
971,Uttar Pradesh,Sunflower,34.0,201.28361344537817,5
970,Uttar Pradesh,Sugarcane,34.0,29242.393648891553,5
974,Uttar Pradesh,Turmeric,34.0,39.213793103448275,5
968,Uttar Pradesh,Small millets,34.0,1298.3214285714287,5
967,Uttar Pradesh,Sesamum,34.0,3425.1607869742197,5
966,Uttar Pradesh,Sannhamp,34.0,82.07363770250369,5
965,Uttar Pradesh,Rice,34.0,62514.704948646126,5
964,Uttar Pradesh,Rapeseed &Mustard,34.0,8672.379679144386,5
963,Uttar Pradesh,Ragi,34.0,2295.655462184874,5
969,Uttar Pradesh,Soyabean,34.0,1027.7938388625591,5
789,Rajasthan,Masoor,27.0,1677.4927184466019,6
790,Rajasthan,Mesta,27.0,103.8125,6
791,Rajasthan,Moong(Green Gram),27.0,33898.39804469274,6
792,Rajasthan,Moth,27.0,42519.72,6
793,Rajasthan,Onion,27.0,1449.1854951185496,6
796,Rajasthan,Peas & beans (Pulses),27.0,432.1117318435754,6
799,Rajasthan,Rice,27.0,7132.447204968944,6
797,Rajasthan,Potato,27.0,299.64332247557,6
795,Rajasthan,Other Kharif pulses,27.0,3516.909516380655,6
788,Rajasthan,Maize,27.0,33880.45440956652,6
794,Rajasthan,Other  Rabi pulses,27.0,473.60818713450294,6
800,Rajasthan,Sannhamp,27.0,62.33185840707964,6
787,Rajasthan,Linseed,27.0,261.4082073434125,6
798,Rajasthan,Rapeseed &Mustard,27.0,77622.76604278074,6
785,Rajasthan,Guar seed,27.0,100229.33641975309,6
784,Rajasthan,Groundnut,27.0,12072.67654986523,6
783,Rajasthan,Gram,27.0,42157.32128514056,6
782,Rajasthan,Ginger,27.0,46.74074074074074,6
781,Rajasthan,Garlic,27.0,1446.688663282572,6
780,Rajasthan,Dry chillies,27.0,595.3002915451895,6
801,Rajasthan,Sesamum,27.0,10632.167785234898,6
779,Rajasthan,Cotton(lint),27.0,16345.593294460641,6
777,Rajasthan,Castor seed,27.0,5501.982078853047,6
776,Rajasthan,Barley,27.0,7630.878179384204,6
775,Rajasthan,Banana,27.0,2.388888888888889,6
774,Rajasthan,Bajra,27.0,142513.91778975743,6
773,Rajasthan,Arhar/Tur,27.0,791.1387387387388,6
786,Rajasthan,Jowar,27.0,19323.32510288066,6
802,Rajasthan,Small millets,27.0,1304.4326530612245,6
778,Rajasthan,Coriander,27.0,5955.2265625,6
804,Rajasthan,Sugarcane,27.0,369.1515151515151,6
811,Rajasthan,Wheat,27.0,83073.57887700535,6
810,Rajasthan,Urad,27.0,9975.227826086957,6
809,Rajasthan,Turmeric,27.0,26.68217054263566,6
812,Rajasthan,other oilseeds,27.0,7486.400442477876,6
807,Rajasthan,Tapioca,27.0,6.75,6
806,Rajasthan,Sweet potato,27.0,58.19334719334719,6
805,Rajasthan,Sunflower,27.0,23.068493150684933,6
808,Rajasthan,Tobacco,27.0,44.98969072164948,6
803,Rajasthan,Soyabean,27.0,43721.69047619047,6
84,Arunachal Pradesh,Sesamum,3.0,119.61538461538461,7
78,Arunachal Pradesh,Other  Rabi pulses,3.0,77.72307692307692,7
79,Arunachal Pradesh,Other Kharif pulses,3.0,114.20689655172414,7
80,Arunachal Pradesh,Peas & beans (Pulses),3.0,105.23030303030303,7
81,Arunachal Pradesh,Potato,3.0,293.7225274725275,7
82,Arunachal Pradesh,Rapeseed &Mustard,3.0,1410.7339449541284,7
83,Arunachal Pradesh,Rice,3.0,7547.823684210526,7
88,Arunachal Pradesh,Sunflower,3.0,44.871428571428574,7
86,Arunachal Pradesh,Soyabean,3.0,161.11009174311926,7
87,Arunachal Pradesh,Sugarcane,3.0,128.4058577405858,7
77,Arunachal Pradesh,Oilseeds total,3.0,2274.323024054983,7
89,Arunachal Pradesh,Turmeric,3.0,68.65641025641025,7
90,Arunachal Pradesh,Urad,3.0,65.10759493670886,7
91,Arunachal Pradesh,Wheat,3.0,338.875,7
92,Arunachal Pradesh,other oilseeds,3.0,85.78787878787878,7
85,Arunachal Pradesh,Small millets,3.0,1374.1002638522427,7
76,Arunachal Pradesh,Moong(Green Gram),3.0,70.08108108108108,7
72,Arunachal Pradesh,Ginger,3.0,381.2134831460674,7
74,Arunachal Pradesh,Maize,3.0,2641.5868421052633,7
73,Arunachal Pradesh,Groundnut,3.0,61.65853658536585,7
71,Arunachal Pradesh,Dry chillies,3.0,144.8732394366197,7
70,Arunachal Pradesh,Arhar/Tur,3.0,52.11290322580645,7
75,Arunachal Pradesh,Masoor,3.0,39.06666666666667,7
813,Sikkim,Barley,28.0,219.79775280898878,8
814,Sikkim,Maize,28.0,8734.692307692309,8
815,Sikkim,Other  Rabi pulses,28.0,576.25,8
816,Sikkim,Other Cereals,28.0,789.8541666666666,8
817,Sikkim,Other Kharif pulses,28.0,717.9605263157895,8
818,Sikkim,Potato,28.0,1653.75,8
820,Sikkim,Rice,28.0,3035.1195652173915,8
821,Sikkim,Small millets,28.0,901.5795454545455,8
822,Sikkim,Soyabean,28.0,907.0108695652174,8
823,Sikkim,Urad,28.0,905.5595238095239,8
824,Sikkim,Wheat,28.0,1120.4642857142858,8
825,Sikkim,other oilseeds,28.0,29.09090909090909,8
819,Sikkim,Rapeseed &Mustard,28.0,1180.3260869565217,8
94,Assam,Arhar/Tur,4.0,250.3904923599321,9
93,Assam,Arecanut,4.0,2694.614436619718,9
95,Assam,Banana,4.0,1793.145488029466,9
107,Assam,Mesta,4.0,202.375,9
97,Assam,Castor seed,4.0,51.61078998073218,9
118,Assam,Sugarcane,4.0,1102.4685908319186,9
117,Assam,Small millets,4.0,287.7867383512545,9
119,Assam,Sweet potato,4.0,275.03056027164683,9
120,Assam,Tapioca,4.0,125.80698529411765,9
121,Assam,Tobacco,4.0,29.19017094017094,9
122,Assam,Turmeric,4.0,538.0764006791171,9
123,Assam,Urad,4.0,1807.2233400402415,9
116,Assam,Sesamum,4.0,511.169779286927,9
115,Assam,Rice,4.0,32439.310933940775,9
114,Assam,Rapeseed &Mustard,4.0,10368.259762308999,9
113,Assam,Potato,4.0,3397.83701188455,9
112,Assam,Peas & beans (Pulses),4.0,963.271629778672,9
111,Assam,Other  Rabi pulses,4.0,2669.448377581121,9
110,Assam,Onion,4.0,294.8709677419355,9
109,Assam,Niger seed,4.0,374.7893660531697,9
108,Assam,Moong(Green Gram),4.0,352.01207243460766,9
106,Assam,Masoor,4.0,969.4636752136752,9
105,Assam,Maize,4.0,900.322695035461,9
104,Assam,Linseed,4.0,330.4650283553875,9
103,Assam,Jute,4.0,2639.04584040747,9
102,Assam,Gram,4.0,89.13074204946996,9
101,Assam,Ginger,4.0,615.008547008547,9
100,Assam,Dry chillies,4.0,667.8826530612245,9
99,Assam,Cotton(lint),4.0,58.0812854442344,9
98,Assam,Coconut ,4.0,783.4162257495591,9
96,Assam,Black pepper,4.0,123.95428571428572,9
124,Assam,Wheat,4.0,2010.8914590747331,9
1053,West Bengal,Wheat,36.0,17840.983529411766,10
1052,West Bengal,Urad,36.0,2348.3753846153845,10
1026,West Bengal,Jowar,36.0,263.8,10
1025,West Bengal,Horse-gram,36.0,284.3982683982684,10
1024,West Bengal,Groundnut,36.0,1754.3297002724796,10
1023,West Bengal,Gram,36.0,2275.2291021671826,10
1022,West Bengal,Ginger,36.0,520.8826530612245,10
1021,West Bengal,Garlic,36.0,189.66666666666666,10
1020,West Bengal,Dry chillies,36.0,2850.003968253968,10
1027,West Bengal,Jute,36.0,33933.678481012656,10
1019,West Bengal,Cotton(lint),36.0,866.723076923077,10
1017,West Bengal,Castor seed,36.0,90.15,10
1016,West Bengal,Cardamom,36.0,2304.2874,10
1015,West Bengal,Barley,36.0,406.4533333333333,10
1014,West Bengal,Bajra,36.0,68.83333333333333,10
1013,West Bengal,Arhar/Tur,36.0,219.19718309859155,10
1012,West Bengal,Arecanut,36.0,612.6825396825396,10
1049,West Bengal,Sunflower,36.0,542.1937716262976,10
1018,West Bengal,Coconut ,36.0,1500.4219114219113,10
1050,West Bengal,Tobacco,36.0,2802.757575757576,10
1028,West Bengal,Khesari,36.0,2403.5835475578406,10
1030,West Bengal,Maize,36.0,3545.4700139470015,10
1046,West Bengal,Small millets,36.0,437.7134502923977,10
1045,West Bengal,Sesamum,36.0,5968.227206946454,10
1044,West Bengal,Sannhamp,36.0,149.0595238095238,10
1043,West Bengal,Safflower,36.0,166.67256637168143,10
1042,West Bengal,Rice,36.0,101215.98201720093,10
1041,West Bengal,Rapeseed &Mustard,36.0,23740.793023255814,10
1040,West Bengal,Ragi,36.0,2138.8695652173915,10
1029,West Bengal,Linseed,36.0,473.5460122699387,10
1039,West Bengal,Potato,36.0,19344.41163310962,10
1037,West Bengal,Other Kharif pulses,36.0,248.31034482758622,10
1036,West Bengal,Other  Rabi pulses,36.0,121.34285714285714,10
1035,West Bengal,Niger seed,36.0,284462.374301676,10
1034,West Bengal,Moth,36.0,15.75,10
1033,West Bengal,Moong(Green Gram),36.0,713.6727053140097,10
1032,West Bengal,Mesta,36.0,762.1527272727272,10
1031,West Bengal,Masoor,36.0,4389.577395577396,10
1038,West Bengal,Peas & beans (Pulses),36.0,752.8093922651934,10
1047,West Bengal,Soyabean,36.0,148.25,10
1051,West Bengal,Turmeric,36.0,729.3842592592592,10
1048,West Bengal,Sugarcane,36.0,1157.9184782608695,10
686,Nagaland,Maize,24.0,4391.683501683502,11
685,Nagaland,Linseed,24.0,756.3020833333334,11
684,Nagaland,Jute,24.0,911.8888888888889,11
683,Nagaland,Jowar,24.0,131.3235294117647,11
682,Nagaland,Horse-gram,24.0,41.61616161616162,11
681,Nagaland,Groundnut,24.0,155.6281407035176,11
680,Nagaland,Gram,24.0,90.625,11
687,Nagaland,Masoor,24.0,251.0071942446043,11
679,Nagaland,Ginger,24.0,350.1587301587302,11
677,Nagaland,Cowpea(Lobia),24.0,174.76190476190476,11
676,Nagaland,Cotton(lint),24.0,97.55915492957746,11
675,Nagaland,Castor seed,24.0,50.625,11
674,Nagaland,Cardamom,24.0,111.76470588235294,11
673,Nagaland,Barley,24.0,162.2360248447205,11
672,Nagaland,Bajra,24.0,131.5846994535519,11
671,Nagaland,Arhar/Tur,24.0,425.56632653061223,11
678,Nagaland,Dry chillies,24.0,168.42105263157896,11
709,Nagaland,other oilseeds,24.0,274.0,11
708,Nagaland,Wheat,24.0,448.4971098265896,11
691,Nagaland,Other  Rabi pulses,24.0,944.6610169491526,11
707,Nagaland,Urad,24.0,64.74025974025975,11
706,Nagaland,Turmeric,24.0,60.0,11
705,Nagaland,Tapioca,24.0,191.71428571428572,11
704,Nagaland,Sweet potato,24.0,146.06060606060606,11
703,Nagaland,Sunflower,24.0,211.359649122807,11
702,Nagaland,Sugarcane,24.0,426.094674556213,11
701,Nagaland,Soyabean,24.0,2480.4455445544554,11
690,Nagaland,Niger seed,24.0,3360.2272727272725,11
700,Nagaland,Small millets,24.0,1211.9318181818182,11
698,Nagaland,Rice,24.0,15190.19011406844,11
697,Nagaland,Rapeseed &Mustard,24.0,2612.3349753694583,11
696,Nagaland,Ragi,24.0,46.883116883116884,11
695,Nagaland,Potato,24.0,577.741935483871,11
694,Nagaland,Peas & beans (Pulses),24.0,467.08446866485014,11
693,Nagaland,Other Kharif pulses,24.0,847.1428571428571,11
692,Nagaland,Other Cereals,24.0,85.83333333333333,11
699,Nagaland,Sesamum,24.0,439.2156862745098,11
688,Nagaland,Mesta,24.0,166.36363636363637,11
689,Nagaland,Moong(Green Gram),24.0,119.75,11
126,Bihar,Bajra,5.0,305.61538461538464,12
149,Bihar,Other Kharif pulses,5.0,428.2954091816367,12
150,Bihar,Peas & beans (Pulses),5.0,572.5281782437746,12
151,Bihar,Potato,5.0,2945.648195876289,12
152,Bihar,Ragi,5.0,626.0656934306569,12
153,Bihar,Rapeseed &Mustard,5.0,2248.6818687430477,12
154,Bihar,Rice,5.0,36703.58146201624,12
155,Bihar,Safflower,5.0,41.0945945945946,12
156,Bihar,Sannhamp,5.0,108.44471744471744,12
148,Bihar,Other  Rabi pulses,5.0,1347.5010845986985,12
157,Bihar,Sesamum,5.0,144.15348101265823,12
159,Bihar,Soyabean,5.0,4900.0,12
160,Bihar,Sugarcane,5.0,4576.054959785522,12
161,Bihar,Sunflower,5.0,586.7861842105264,12
162,Bihar,Sweet potato,5.0,206.0560224089636,12
163,Bihar,Tobacco,5.0,1035.3664122137404,12
164,Bihar,Turmeric,5.0,140.69278996865205,12
165,Bihar,Urad,5.0,636.4557522123894,12
125,Bihar,Arhar/Tur,5.0,840.9325714285715,12
158,Bihar,Small millets,5.0,348.16430020283974,12
147,Bihar,Onion,5.0,386.3106960950764,12
166,Bihar,Wheat,5.0,53838.292358803985,12
129,Bihar,Castor seed,5.0,39.98039215686274,12
127,Bihar,Banana,5.0,702.7748917748918,12
146,Bihar,Niger seed,5.0,1372.7837837837837,12
128,Bihar,Barley,5.0,506.62073669849934,12
130,Bihar,Coriander,5.0,81.5130023640662,12
131,Bihar,Cotton(lint),5.0,121.5,12
132,Bihar,Dry chillies,5.0,117.89010989010988,12
133,Bihar,Garlic,5.0,77.62173913043478,12
135,Bihar,Gram,5.0,2009.1736909323117,12
136,Bihar,Groundnut,5.0,127.18131868131869,12
134,Bihar,Ginger,5.0,39.55348837209302,12
138,Bihar,Jowar,5.0,324.64658634538154,12
139,Bihar,Jute,5.0,9480.085324232083,12
140,Bihar,Khesari,5.0,2565.864541832669,12
141,Bihar,Linseed,5.0,737.78898007034,12
142,Bihar,Maize,5.0,5957.397828615743,12
143,Bihar,Masoor,5.0,4293.221941992434,12
144,Bihar,Mesta,5.0,932.7195652173913,12
145,Bihar,Moong(Green Gram),5.0,2514.6194625998546,12
137,Bihar,Horse-gram,5.0,552.085635359116,12
621,Meghalaya,Cowpea(Lobia),22.0,150.05194805194805,13
626,Meghalaya,Jute,22.0,1368.3855421686746,13
625,Meghalaya,Gram,22.0,268.9879518072289,13
623,Meghalaya,Garlic,22.0,52.142857142857146,13
622,Meghalaya,Dry chillies,22.0,239.02857142857144,13
620,Meghalaya,Cotton(lint),22.0,2005.8072289156626,13
613,Meghalaya,Arecanut,22.0,1692.1098265895953,13
618,Meghalaya,Castor seed,22.0,12.904109589041095,13
617,Meghalaya,Cashewnut,22.0,2199.08,13
616,Meghalaya,Black pepper,22.0,104.91596638655462,13
615,Meghalaya,Banana,22.0,774.5085714285714,13
614,Meghalaya,Arhar/Tur,22.0,259.4,13
627,Meghalaya,Linseed,22.0,59.15384615384615,13
619,Meghalaya,Coriander,22.0,44.411764705882355,13
628,Meghalaya,Maize,22.0,2117.1428571428573,13
624,Meghalaya,Ginger,22.0,1108.5549450549452,13
630,Meghalaya,Mesta,22.0,1137.9120879120878,13
629,Meghalaya,Masoor,22.0,165.35593220338984,13
645,Meghalaya,Wheat,22.0,347.4102564102564,13
643,Meghalaya,Tobacco,22.0,145.0344827586207,13
642,Meghalaya,Tapioca,22.0,546.032967032967,13
641,Meghalaya,Sweet potato,22.0,580.9153439153439,13
640,Meghalaya,Sugarcane,22.0,15.830882352941176,13
639,Meghalaya,Soyabean,22.0,155.74404761904762,13
644,Meghalaya,Turmeric,22.0,242.09714285714287,13
637,Meghalaya,Sesamum,22.0,230.9943820224719,13
636,Meghalaya,Rice,22.0,5217.069767441861,13
635,Meghalaya,Rapeseed &Mustard,22.0,982.8412698412699,13
634,Meghalaya,Potato,22.0,1637.0282258064517,13
633,Meghalaya,Peas & beans (Pulses),22.0,202.98095238095237,13
632,Meghalaya,Other  Rabi pulses,22.0,258.7912087912088,13
631,Meghalaya,Onion,22.0,54.0,13
638,Meghalaya,Small millets,22.0,340.41714285714284,13
596,Manipur,Masoor,21.0,75.95959595959596,14
594,Manipur,Jute,21.0,13.333333333333334,14
593,Manipur,Groundnut,21.0,337.5050505050505,14
592,Manipur,Gram,21.0,90.29292929292929,14
591,Manipur,Ginger,21.0,324.0914285714286,14
588,Manipur,Cotton(lint),21.0,86.25,14
589,Manipur,Cowpea(Lobia),21.0,97.08163265306122,14
587,Manipur,Cashewnut,21.0,67.54545454545455,14
586,Manipur,Banana,21.0,577.485,14
585,Manipur,Arhar/Tur,21.0,54.45454545454545,14
597,Manipur,Moong(Green Gram),21.0,45.09090909090909,14
590,Manipur,Dry chillies,21.0,774.9533678756477,14
598,Manipur,Onion,21.0,109.71875,14
595,Manipur,Maize,21.0,1292.9586776859503,14
600,Manipur,Other Kharif pulses,21.0,225.01273885350318,14
599,Manipur,Other  Rabi pulses,21.0,678.2727272727273,14
612,Manipur,Wheat,21.0,493.6231884057971,14
610,Manipur,Turmeric,21.0,168.78014184397162,14
609,Manipur,Tapioca,21.0,29.22222222222222,14
608,Manipur,Sweet potato,21.0,47.2,14
607,Manipur,Sugarcane,21.0,469.2536231884058,14
611,Manipur,Urad,21.0,150.32323232323233,14
605,Manipur,Sesamum,21.0,384.81481481481484,14
604,Manipur,Rice,21.0,18984.927184466018,14
603,Manipur,Rapeseed &Mustard,21.0,2930.5785123966944,14
602,Manipur,Potato,21.0,1043.8202247191011,14
601,Manipur,Peas & beans (Pulses),21.0,1290.2388059701493,14
606,Manipur,Soyabean,21.0,405.8615384615385,14
542,Madhya Pradesh,Rice,19.0,45289.70702402957,15
534,Madhya Pradesh,Onion,19.0,1434.3219292929293,15
535,Madhya Pradesh,Other  Rabi pulses,19.0,10597.609223300971,15
536,Madhya Pradesh,Other Cereals,19.0,2291.8367346938776,15
537,Madhya Pradesh,Other Kharif pulses,19.0,8217.363184079602,15
538,Madhya Pradesh,Peas & beans (Pulses),19.0,5121.79295154185,15
539,Madhya Pradesh,Potato,19.0,1678.2850431034483,15
540,Madhya Pradesh,Ragi,19.0,211.6931818181818,15
541,Madhya Pradesh,Rapeseed &Mustard,19.0,14189.798507462687,15
543,Madhya Pradesh,Safflower,19.0,262.655601659751,15
550,Madhya Pradesh,Sweet potato,19.0,102.89971779141105,15
545,Madhya Pradesh,Sesamum,19.0,5447.345182413471,15
546,Madhya Pradesh,Small millets,19.0,8655.224687933425,15
547,Madhya Pradesh,Soyabean,19.0,105398.66457960644,15
548,Madhya Pradesh,Sugarcane,19.0,1561.5411392405063,15
549,Madhya Pradesh,Sunflower,19.0,161.88732394366198,15
551,Madhya Pradesh,Tobacco,19.0,19.52577319587629,15
552,Madhya Pradesh,Turmeric,19.0,957.4681804281345,15
553,Madhya Pradesh,Urad,19.0,13139.493265993266,15
554,Madhya Pradesh,Wheat,19.0,103128.44739168877,15
544,Madhya Pradesh,Sannhamp,19.0,113.308,15
533,Madhya Pradesh,Niger seed,19.0,3791.0062111801244,15
532,Madhya Pradesh,Moong(Green Gram),19.0,2458.1767288693745,15
530,Madhya Pradesh,Masoor,19.0,11744.477900552487,15
531,Madhya Pradesh,Mesta,19.0,83.28082191780823,15
510,Madhya Pradesh,Arhar/Tur,19.0,8084.8267857142855,15
511,Madhya Pradesh,Bajra,19.0,6794.529078014184,15
512,Madhya Pradesh,Banana,19.0,862.385586419753,15
513,Madhya Pradesh,Barley,19.0,2127.448529411765,15
515,Madhya Pradesh,Castor seed,19.0,163.66101694915255,15
516,Madhya Pradesh,Coriander,19.0,3607.532736486486,15
517,Madhya Pradesh,Cotton(lint),19.0,29722.313769751694,15
518,Madhya Pradesh,Cowpea(Lobia),19.0,74.58333333333333,15
519,Madhya Pradesh,Dry chillies,19.0,1387.5625936599422,15
514,Madhya Pradesh,Cashewnut,19.0,1.0,15
521,Madhya Pradesh,Ginger,19.0,274.2263636363636,15
520,Madhya Pradesh,Garlic,19.0,1598.3620320855614,15
528,Madhya Pradesh,Linseed,19.0,3345.7676767676767,15
527,Madhya Pradesh,Khesari,19.0,1740.2758620689656,15
526,Madhya Pradesh,Jute,19.0,247.89690721649484,15
529,Madhya Pradesh,Maize,19.0,18590.610312764158,15
524,Madhya Pradesh,Horse-gram,19.0,1478.4401913875597,15
523,Madhya Pradesh,Groundnut,19.0,4900.220703125,15
522,Madhya Pradesh,Gram,19.0,54522.17529518619,15
525,Madhya Pradesh,Jowar,19.0,8175.877535101404,15
422,Jharkhand,Sesamum,15.0,591.0645161290323,16
420,Jharkhand,Rice,15.0,31566.2766318927,16
413,Jharkhand,Onion,15.0,155.58759842519686,16
414,Jharkhand,Other  Rabi pulses,15.0,786.6197183098592,16
415,Jharkhand,Other Kharif pulses,15.0,1075.390625,16
427,Jharkhand,Wheat,15.0,3800.1292056074767,16
426,Jharkhand,Urad,15.0,4473.731481481482,16
425,Jharkhand,Sunflower,15.0,87.93023255813954,16
424,Jharkhand,Sugarcane,15.0,109.38757142857143,16
423,Jharkhand,Soyabean,15.0,200.32608695652175,16
400,Jharkhand,Arhar/Tur,15.0,2674.5963938618925,16
417,Jharkhand,Potato,15.0,925.6647866419295,16
402,Jharkhand,Barley,15.0,1870.5974999999999,16
403,Jharkhand,Castor seed,15.0,18.0,16
404,Jharkhand,Gram,15.0,2507.4161323155217,16
405,Jharkhand,Groundnut,15.0,1228.236111111111,16
406,Jharkhand,Horse-gram,15.0,829.1129032258065,16
407,Jharkhand,Jowar,15.0,128.05357142857142,16
408,Jharkhand,Linseed,15.0,1904.072463768116,16
416,Jharkhand,Peas & beans (Pulses),15.0,1728.9134615384614,16
411,Jharkhand,Moong(Green Gram),15.0,1159.225352112676,16
418,Jharkhand,Ragi,15.0,1706.412037735849,16
419,Jharkhand,Rapeseed &Mustard,15.0,2869.072421875,16
401,Jharkhand,Bajra,15.0,34.4,16
410,Jharkhand,Masoor,15.0,1223.363551401869,16
412,Jharkhand,Niger seed,15.0,278.32608695652175,16
421,Jharkhand,Safflower,15.0,110.67857142857143,16
409,Jharkhand,Maize,15.0,4522.326314606741,16
913,Tripura,Cotton(lint),33.0,180.975,17
929,Tripura,Rapeseed &Mustard,33.0,655.04,17
928,Tripura,Potato,33.0,1395.5,17
927,Tripura,Peas & beans (Pulses),33.0,277.35,17
926,Tripura,Other Kharif pulses,33.0,303.032967032967,17
925,Tripura,Other  Rabi pulses,33.0,172.63333333333333,17
924,Tripura,Moong(Green Gram),33.0,257.3181818181818,17
923,Tripura,Mesta,33.0,142.4,17
912,Tripura,Arhar/Tur,33.0,440.03,17
922,Tripura,Masoor,33.0,226.48,17
920,Tripura,Linseed,33.0,22.5,17
919,Tripura,Khesari,33.0,6.666666666666667,17
918,Tripura,Jute,33.0,109.05,17
917,Tripura,Jowar,33.0,75.11111111111111,17
916,Tripura,Groundnut,33.0,94.51256281407035,17
915,Tripura,Gram,33.0,33.05434782608695,17
914,Tripura,Cowpea(Lobia),33.0,519.925,17
930,Tripura,Rice,33.0,25206.040178571428,17
921,Tripura,Maize,33.0,719.0875,17
937,Tripura,other oilseeds,33.0,572.1111111111111,17
936,Tripura,Wheat,33.0,124.26495726495726,17
935,Tripura,Urad,33.0,200.1105527638191,17
934,Tripura,Sugarcane,33.0,168.875,17
933,Tripura,Soyabean,33.0,25.09090909090909,17
932,Tripura,Small millets,33.0,58.9375,17
931,Tripura,Sesamum,33.0,535.19,17
655,Mizoram,Onion,23.0,10.733333333333333,18
670,Mizoram,other oilseeds,23.0,756.1746031746031,18
669,Mizoram,Wheat,23.0,24.6,18
668,Mizoram,Urad,23.0,11.625,18
667,Mizoram,Tobacco,23.0,73.63020833333333,18
666,Mizoram,Tapioca,23.0,49.8,18
665,Mizoram,Sunflower,23.0,12.25,18
664,Mizoram,Sugarcane,23.0,203.0951724137931,18
656,Mizoram,Other  Rabi pulses,23.0,202.48195488721802,18
663,Mizoram,Soyabean,23.0,182.64754098360655,18
661,Mizoram,Rice,23.0,3964.015053763441,18
660,Mizoram,Rapeseed &Mustard,23.0,188.14563106796118,18
659,Mizoram,Potato,23.0,64.58771929824562,18
658,Mizoram,Peas & beans (Pulses),23.0,55.65806451612904,18
646,Mizoram,Arhar/Tur,23.0,38.77204301075269,18
647,Mizoram,Coconut ,23.0,7.5,18
648,Mizoram,Cotton(lint),23.0,57.04725274725275,18
649,Mizoram,Cowpea(Lobia),23.0,110.62773109243697,18
650,Mizoram,Gram,23.0,7.666666666666667,18
657,Mizoram,Other Kharif pulses,23.0,248.2826086956522,18
652,Mizoram,Maize,23.0,678.4246153846153,18
653,Mizoram,Masoor,23.0,10.264705882352942,18
654,Mizoram,Moong(Green Gram),23.0,13.933461538461538,18
662,Mizoram,Sesamum,23.0,298.903305785124,18
651,Mizoram,Groundnut,23.0,15.2,18
277,Gujarat,Other Cereals,11.0,1486.3048433048434,19
289,Gujarat,Wheat,11.0,36673.84246575343,19
290,Gujarat,other oilseeds,11.0,4290.0,19
273,Gujarat,Moth,11.0,2040.496,19
272,Gujarat,Moong(Green Gram),11.0,4525.956834532374,19
271,Gujarat,Maize,11.0,14647.833819241983,19
270,Gujarat,Jowar,11.0,4606.948033707865,19
269,Gujarat,Guar seed,11.0,13674.259615384615,19
268,Gujarat,Groundnut,11.0,37215.86376021798,19
267,Gujarat,Gram,11.0,6438.8344947735195,19
266,Gujarat,Garlic,11.0,1240.780104712042,19
265,Gujarat,Dry chillies,11.0,559.8693333333333,19
264,Gujarat,Cotton(lint),11.0,97200.8,19
263,Gujarat,Castor seed,11.0,20974.177693761816,19
262,Gujarat,Banana,11.0,2595.1555555555556,19
261,Gujarat,Bajra,11.0,18304.395218295216,19
260,Gujarat,Arhar/Tur,11.0,11753.84306569343,19
275,Gujarat,Onion,11.0,1806.0689655172414,19
276,Gujarat,Other  Rabi pulses,11.0,1251.8538461538462,19
274,Gujarat,Oilseeds total,11.0,152781.8947368421,19
278,Gujarat,Other Kharif pulses,11.0,1036.642857142857,19
279,Gujarat,Potato,11.0,5679.111111111111,19
280,Gujarat,Ragi,11.0,5156.915662650603,19
281,Gujarat,Rapeseed &Mustard,11.0,12448.666666666666,19
282,Gujarat,Rice,11.0,29537.540492957745,19
283,Gujarat,Sesamum,11.0,8321.39020979021,19
284,Gujarat,Small millets,11.0,1230.2054794520548,19
288,Gujarat,Urad,11.0,3658.2350299401196,19
285,Gujarat,Soyabean,11.0,6283.935251798561,19
286,Gujarat,Sugarcane,11.0,12874.068656716418,19
287,Gujarat,Tobacco,11.0,9806.097014925374,19
204,Chhattisgarh,Other Kharif pulses,7.0,337.5637254901961,20
205,Chhattisgarh,Peas & beans (Pulses),7.0,692.1371571072319,20
206,Chhattisgarh,Potato,7.0,430.38003838771596,20
207,Chhattisgarh,Ragi,7.0,643.988188976378,20
208,Chhattisgarh,Rapeseed &Mustard,7.0,2251.8860465116277,20
213,Chhattisgarh,Small millets,7.0,8031.144859813084,20
203,Chhattisgarh,Other  Rabi pulses,7.0,119.53908355795149,20
212,Chhattisgarh,Sesamum,7.0,951.0255813953488,20
211,Chhattisgarh,Sannhamp,7.0,78.11357340720221,20
210,Chhattisgarh,Safflower,7.0,64.92647058823529,20
209,Chhattisgarh,Rice,7.0,183113.6906976744,20
214,Chhattisgarh,Soyabean,7.0,4396.336448598131,20
202,Chhattisgarh,Onion,7.0,241.33506493506493,20
179,Chhattisgarh,Arhar/Tur,7.0,2499.281395348837,20
200,Chhattisgarh,Moong(Green Gram),7.0,375.67625,20
221,Chhattisgarh,Wheat,7.0,4865.583535108959,20
220,Chhattisgarh,Urad,7.0,2787.2698412698414,20
219,Chhattisgarh,Turmeric,7.0,58.088471849865954,20
218,Chhattisgarh,Tobacco,7.0,6.324324324324325,20
217,Chhattisgarh,Sweet potato,7.0,129.04368932038835,20
216,Chhattisgarh,Sunflower,7.0,231.26602564102564,20
201,Chhattisgarh,Niger seed,7.0,4184.2208201892745,20
180,Chhattisgarh,Bajra,7.0,34.97933884297521,20
181,Chhattisgarh,Barley,7.0,374.4025157232704,20
182,Chhattisgarh,Castor seed,7.0,13.35483870967742,20
183,Chhattisgarh,Coconut ,7.0,14.9,20
184,Chhattisgarh,Coriander,7.0,145.024154589372,20
185,Chhattisgarh,Cotton(lint),7.0,78.11111111111111,20
215,Chhattisgarh,Sugarcane,7.0,828.01312335958,20
187,Chhattisgarh,Garlic,7.0,68.12624584717608,20
186,Chhattisgarh,Dry chillies,7.0,297.14719626168227,20
199,Chhattisgarh,Mesta,7.0,74.88785046728972,20
198,Chhattisgarh,Masoor,7.0,859.6486486486486,20
197,Chhattisgarh,Maize,7.0,5031.905092592592,20
196,Chhattisgarh,Linseed,7.0,2429.8907103825136,20
194,Chhattisgarh,Jute,7.0,41.17741935483871,20
193,Chhattisgarh,Jowar,7.0,314.4702842377261,20
195,Chhattisgarh,Khesari,7.0,17970.364611260055,20
192,Chhattisgarh,Horse-gram,7.0,1672.171768707483,20
191,Chhattisgarh,Guar seed,7.0,26.0,20
190,Chhattisgarh,Groundnut,7.0,1585.5433070866143,20
189,Chhattisgarh,Gram,7.0,12436.52530120482,20
188,Chhattisgarh,Ginger,7.0,98.14606741573034,20
732,Odisha,Other Kharif pulses,25.0,2764.53125,21
731,Odisha,Other  Rabi pulses,25.0,1381.6352201257862,21
738,Odisha,Safflower,25.0,201.8095238095238,21
734,Odisha,Potato,25.0,253.716744913928,21
735,Odisha,Ragi,25.0,1886.7953995157386,21
736,Odisha,Rapeseed &Mustard,25.0,621.5822784810126,21
737,Odisha,Rice,25.0,60496.640736342044,21
733,Odisha,Peas & beans (Pulses),25.0,1113.3333333333333,21
739,Odisha,Sannhamp,25.0,499.8181818181818,21
746,Odisha,Tobacco,25.0,488.57142857142856,21
741,Odisha,Small millets,25.0,1932.217741935484,21
742,Odisha,Soyabean,25.0,60.0,21
743,Odisha,Sugarcane,25.0,502.7962085308057,21
744,Odisha,Sunflower,25.0,249.68965517241378,21
745,Odisha,Sweet potato,25.0,1250.79012345679,21
747,Odisha,Turmeric,25.0,910.2010050251256,21
749,Odisha,Wheat,25.0,181.0754716981132,21
748,Odisha,Urad,25.0,2098.849894291755,21
730,Odisha,Onion,25.0,995.0909090909091,21
740,Odisha,Sesamum,25.0,906.2685337726524,21
729,Odisha,Niger seed,25.0,5232.6551724137935,21
710,Odisha,Arhar/Tur,25.0,4046.8373015873017,21
727,Odisha,Mesta,25.0,785.8666666666667,21
728,Odisha,Moong(Green Gram),25.0,4361.459603658536,21
711,Odisha,Bajra,25.0,310.1923076923077,21
713,Odisha,Coriander,25.0,623.2038834951456,21
714,Odisha,Cotton(lint),25.0,6020.487804878048,21
715,Odisha,Cowpea(Lobia),25.0,1707.75,21
716,Odisha,Dry chillies,25.0,2008.5666666666666,21
717,Odisha,Garlic,25.0,392.5673076923077,21
718,Odisha,Ginger,25.0,496.6048780487805,21
712,Odisha,Castor seed,25.0,346.24397590361446,21
720,Odisha,Groundnut,25.0,1211.0939741750358,21
721,Odisha,Horse-gram,25.0,2156.817105263158,21
722,Odisha,Jowar,25.0,574.5597014925373,21
723,Odisha,Jute,25.0,932.1122994652407,21
724,Odisha,Linseed,25.0,1318.8190476190475,21
725,Odisha,Maize,25.0,1436.697969543147,21
719,Odisha,Gram,25.0,960.2039800995025,21
726,Odisha,Masoor,25.0,1735.8064516129032,21
578,Maharashtra,Soyabean,20.0,94691.98379254458,22
573,Maharashtra,Rapeseed &Mustard,20.0,378.99154334038053,22
574,Maharashtra,Rice,20.0,39818.09725400458,22
575,Maharashtra,Safflower,20.0,9304.969411764705,22
576,Maharashtra,Sesamum,20.0,1768.1310418904404,22
583,Maharashtra,Wheat,20.0,32810.705514705885,22
584,Maharashtra,other oilseeds,20.0,467.784,22
582,Maharashtra,Urad,20.0,13787.5525606469,22
581,Maharashtra,Tobacco,20.0,833.875,22
580,Maharashtra,Sunflower,20.0,3762.1718494271686,22
571,Maharashtra,Other Summer Pulses,20.0,312.27868852459017,22
577,Maharashtra,Small millets,20.0,7488.507653061224,22
570,Maharashtra,Other Kharif pulses,20.0,5028.973214285715,22
572,Maharashtra,Ragi,20.0,10654.080586080587,22
568,Maharashtra,Other  Rabi pulses,20.0,4375.291457286432,22
555,Maharashtra,Arhar/Tur,20.0,36331.40766073871,22
556,Maharashtra,Bajra,20.0,54614.021181262724,22
557,Maharashtra,Banana,20.0,2060.714285714286,22
558,Maharashtra,Castor seed,20.0,603.2251184834123,22
559,Maharashtra,Cotton(lint),20.0,132396.072147651,22
560,Maharashtra,Gram,20.0,40125.14668547249,22
561,Maharashtra,Groundnut,20.0,6742.354707792208,22
569,Maharashtra,Other Cereals,20.0,1749.1397515527951,22
579,Maharashtra,Sugarcane,20.0,28545.925249169435,22
567,Maharashtra,Onion,20.0,5139.307692307692,22
566,Maharashtra,Niger seed,20.0,2011.705336426914,22
565,Maharashtra,Moong(Green Gram),20.0,16719.80461329715,22
564,Maharashtra,Maize,20.0,9919.183608640407,22
563,Maharashtra,Linseed,20.0,2786.359195402299,22
562,Maharashtra,Jowar,20.0,79004.57359125315,22
246,Daman & Diu,Rice,9.0,1947.1190476190477,23
245,Daman & Diu,Bajra,9.0,328.87142857142857,23
227,Dadara & Nagar Havelli,Cowpea(Lobia),8.0,6.0,24
244,Dadara & Nagar Havelli,Wheat,8.0,118.0,24
243,Dadara & Nagar Havelli,Urad,8.0,1020.5,24
242,Dadara & Nagar Havelli,Sunflower,32.0,5.0,24
241,Dadara & Nagar Havelli,Sugarcane,8.0,359.5,24
224,Dadara & Nagar Havelli,Banana,32.0,76.77777777777777,24
239,Dadara & Nagar Havelli,Sesamum,8.0,6.0,24
238,Dadara & Nagar Havelli,Sannhamp,32.0,61.61538461538461,24
237,Dadara & Nagar Havelli,Rice,8.0,7332.666666666667,24
236,Dadara & Nagar Havelli,Rapeseed &Mustard,8.0,8.25,24
225,Dadara & Nagar Havelli,Coconut ,32.0,182.22222222222223,24
234,Dadara & Nagar Havelli,Other Kharif pulses,8.0,728.5,24
233,Dadara & Nagar Havelli,Other  Rabi pulses,8.0,155.0,24
232,Dadara & Nagar Havelli,Niger seed,8.0,53.666666666666664,24
231,Dadara & Nagar Havelli,Maize,8.0,43.9,24
230,Dadara & Nagar Havelli,Jowar,8.0,307.1666666666667,24
229,Dadara & Nagar Havelli,Groundnut,8.0,9.75,24
228,Dadara & Nagar Havelli,Gram,8.0,150.0,24
226,Dadara & Nagar Havelli,Coriander,32.0,5.0,24
235,Dadara & Nagar Havelli,Ragi,8.0,989.1666666666666,24
240,Dadara & Nagar Havelli,Small millets,8.0,190.0,24
222,Dadara & Nagar Havelli,Arhar/Tur,8.0,821.4285714285714,24
223,Dadara & Nagar Havelli,Bajra,32.0,496.0,24
885,Telangana,Groundnut,31.0,4157.2578125,25
896,Telangana,Potato,31.0,439.2307692307692,25
897,Telangana,Ragi,31.0,121.3875,25
898,Telangana,Rapeseed &Mustard,31.0,405.6363636363636,25
899,Telangana,Rice,31.0,44354.23841059603,25
900,Telangana,Safflower,31.0,513.5454545454545,25
901,Telangana,Sesamum,31.0,658.6682692307693,25
902,Telangana,Small millets,31.0,97.42553191489361,25
895,Telangana,Other Kharif pulses,31.0,65.77777777777777,25
903,Telangana,Soyabean,31.0,13073.955752212389,25
905,Telangana,Sunflower,31.0,551.275,25
906,Telangana,Sweet potato,31.0,22.170731707317074,25
907,Telangana,Tobacco,31.0,360.020202020202,25
908,Telangana,Turmeric,31.0,2898.4873949579833,25
909,Telangana,Urad,31.0,972.0592885375494,25
910,Telangana,Wheat,31.0,573.46875,25
911,Telangana,other oilseeds,31.0,1223.7777777777778,25
904,Telangana,Sugarcane,31.0,2173.4553571428573,25
886,Telangana,Horse-gram,31.0,97.45161290322581,25
894,Telangana,Other  Rabi pulses,31.0,89.71428571428571,25
892,Telangana,Moong(Green Gram),31.0,3908.9324324324325,25
884,Telangana,Gram,31.0,4628.698630136986,25
883,Telangana,Ginger,31.0,359.8421052631579,25
882,Telangana,Garlic,31.0,28.666666666666668,25
881,Telangana,Dry chillies,31.0,2351.806324110672,25
880,Telangana,Cowpea(Lobia),31.0,226.68055555555554,25
879,Telangana,Cotton(lint),31.0,82259.07284768212,25
878,Telangana,Coriander,31.0,108.5679012345679,25
887,Telangana,Jowar,31.0,2320.559670781893,25
877,Telangana,Coconut ,31.0,216.75,25
875,Telangana,Cashewnut,31.0,712.36,25
874,Telangana,Banana,31.0,94.78512396694215,25
873,Telangana,Bajra,31.0,693.8285714285714,25
872,Telangana,Arhar/Tur,31.0,9072.706666666667,25
889,Telangana,Maize,31.0,15392.29900332226,25
890,Telangana,Masoor,31.0,160.66666666666666,25
891,Telangana,Mesta,31.0,57.4,25
876,Telangana,Castor seed,31.0,2202.360294117647,25
893,Telangana,Onion,31.0,395.52542372881356,25
888,Telangana,Linseed,31.0,70.25,25
66,Andhra Pradesh,Tobacco,2.0,4981.777777777777,26
43,Andhra Pradesh,Linseed,2.0,504.82142857142856,26
42,Andhra Pradesh,Jowar,2.0,11397.401515151516,26
41,Andhra Pradesh,Horse-gram,2.0,2540.330479452055,26
40,Andhra Pradesh,Guar seed,2.0,16.333333333333332,26
39,Andhra Pradesh,Groundnut,2.0,37361.87052023121,26
38,Andhra Pradesh,Gram,2.0,24133.81796116505,26
37,Andhra Pradesh,Ginger,2.0,205.26666666666668,26
36,Andhra Pradesh,Garlic,2.0,132.14285714285714,26
35,Andhra Pradesh,Dry chillies,2.0,5586.915544675642,26
34,Andhra Pradesh,Cowpea(Lobia),2.0,924.5030674846626,26
33,Andhra Pradesh,Cotton(lint),2.0,52178.87891440501,26
32,Andhra Pradesh,Coriander,2.0,1990.7860082304526,26
31,Andhra Pradesh,Coconut ,2.0,6618.094276094276,26
30,Andhra Pradesh,Castor seed,2.0,11267.84065934066,26
29,Andhra Pradesh,Cashewnut,2.0,9858.48046875,26
28,Andhra Pradesh,Black pepper,2.0,4412.25,26
27,Andhra Pradesh,Banana,2.0,3185.6070287539937,26
26,Andhra Pradesh,Bajra,2.0,2933.3440860215055,26
25,Andhra Pradesh,Arhar/Tur,2.0,13178.781345565749,26
44,Andhra Pradesh,Maize,2.0,14468.475372279496,26
45,Andhra Pradesh,Masoor,2.0,12347.4,26
46,Andhra Pradesh,Mesta,2.0,6257.432835820896,26
47,Andhra Pradesh,Moong(Green Gram),2.0,9555.265030674847,26
64,Andhra Pradesh,Sweet potato,2.0,59.73870967741936,26
68,Andhra Pradesh,Wheat,2.0,1019.028901734104,26
69,Andhra Pradesh,other oilseeds,2.0,4875.174311926606,26
63,Andhra Pradesh,Sunflower,2.0,11370.795677799608,26
24,Andhra Pradesh,Arecanut,2.0,146.98333333333332,26
62,Andhra Pradesh,Sugarcane,2.0,10278.878640776698,26
61,Andhra Pradesh,Soyabean,2.0,6726.225352112676,26
60,Andhra Pradesh,Small millets,2.0,2314.09375,26
59,Andhra Pradesh,Sesamum,2.0,3193.3420707732635,26
65,Andhra Pradesh,Tapioca,2.0,1875.8283582089553,26
58,Andhra Pradesh,Sannhamp,2.0,659.4285714285714,26
56,Andhra Pradesh,Rice,2.0,86286.51623740201,26
55,Andhra Pradesh,Rapeseed &Mustard,2.0,633.6434108527131,26
54,Andhra Pradesh,Ragi,2.0,2569.4692307692308,26
53,Andhra Pradesh,Potato,2.0,463.18333333333334,26
52,Andhra Pradesh,Other Kharif pulses,2.0,826.8491620111732,26
51,Andhra Pradesh,Other  Rabi pulses,2.0,1099.7266666666667,26
50,Andhra Pradesh,Onion,2.0,1195.611382113821,26
49,Andhra Pradesh,Oilseeds total,2.0,42789.794871794875,26
48,Andhra Pradesh,Niger seed,2.0,3110.1805555555557,26
57,Andhra Pradesh,Safflower,2.0,1324.986301369863,26
67,Andhra Pradesh,Urad,2.0,12899.071161048689,26
256,Goa,Rice,10.0,15239.442857142858,27
248,Goa,Banana,10.0,1454.85,27
250,Goa,Cashewnut,10.0,33511.71428571428,27
251,Goa,Coconut ,10.0,15496.607142857143,27
252,Goa,Groundnut,10.0,975.1666666666666,27
253,Goa,Other  Rabi pulses,10.0,4780.96875,27
254,Goa,Other Kharif pulses,10.0,241.1290322580645,27
255,Goa,Ragi,10.0,329.25,27
257,Goa,Sugarcane,10.0,602.921052631579,27
258,Goa,Sweet potato,10.0,28.5,27
259,Goa,other oilseeds,10.0,394.3333333333333,27
247,Goa,Arecanut,10.0,1108.8,27
249,Goa,Black pepper,10.0,386.64285714285717,27
451,Karnataka,Niger seed,16.0,944.8897338403042,28
432,Karnataka,Black pepper,16.0,2267.7540453074434,28
431,Karnataka,Banana,16.0,1735.111111111111,28
430,Karnataka,Bajra,16.0,14375.342574257425,28
429,Karnataka,Arhar/Tur,16.0,28958.331058020478,28
428,Karnataka,Arecanut,16.0,10143.911963882618,28
454,Karnataka,Other Kharif pulses,16.0,3828.290203327172,28
433,Karnataka,Cardamom,16.0,2124.641304347826,28
455,Karnataka,Peas & beans (Pulses),16.0,142.4170616113744,28
457,Karnataka,Ragi,16.0,16474.456834532375,28
458,Karnataka,Rapeseed &Mustard,16.0,249.82368421052632,28
459,Karnataka,Rice,16.0,19799.466189856957,28
460,Karnataka,Safflower,16.0,4212.75,28
461,Karnataka,Sannhamp,16.0,84.80314960629921,28
462,Karnataka,Sesamum,16.0,2594.1602787456445,28
456,Karnataka,Potato,16.0,1401.925705794948,28
465,Karnataka,Sugarcane,16.0,14842.294559099437,28
434,Karnataka,Cashewnut,16.0,2725.8805970149256,28
436,Karnataka,Coconut ,16.0,14780.682615629985,28
450,Karnataka,Moong(Green Gram),16.0,9068.798216276477,28
449,Karnataka,Mesta,16.0,293.1949152542373,28
448,Karnataka,Maize,16.0,13734.995967741936,28
447,Karnataka,Linseed,16.0,788.6843853820598,28
446,Karnataka,Jowar,16.0,26118.039452495974,28
445,Karnataka,Horse-gram,16.0,4776.781491002571,28
435,Karnataka,Castor seed,16.0,764.2173913043479,28
444,Karnataka,Groundnut,16.0,15904.559829059828,28
442,Karnataka,Ginger,16.0,1000.9594594594595,28
441,Karnataka,Garlic,16.0,308.78285714285715,28
453,Karnataka,Other  Rabi pulses,16.0,982.8824742268041,28
439,Karnataka,Cowpea(Lobia),16.0,1157.1175595238096,28
438,Karnataka,Cotton(lint),16.0,18896.48742138365,28
437,Karnataka,Coriander,16.0,344.00433839479393,28
443,Karnataka,Gram,16.0,27261.92033898305,28
440,Karnataka,Dry chillies,16.0,2313.2742857142857,28
452,Karnataka,Onion,16.0,2778.67758186398,28
466,Karnataka,Sunflower,16.0,10019.923239436619,28
463,Karnataka,Small millets,16.0,1933.4703087885987,28
472,Karnataka,Wheat,16.0,14838.21388888889,28
471,Karnataka,Urad,16.0,3228.974126778784,28
464,Karnataka,Soyabean,16.0,13709.466666666667,28
469,Karnataka,Tobacco,16.0,6466.623693379791,28
467,Karnataka,Sweet potato,16.0,201.8176100628931,28
470,Karnataka,Turmeric,16.0,623.5953389830509,28
468,Karnataka,Tapioca,16.0,91.16494845360825,28
508,Kerala,Wheat,17.0,1.2,29
494,Kerala,Other Kharif pulses,17.0,146.07652,29
495,Kerala,Potato,17.0,231.7458333333333,29
496,Kerala,Ragi,17.0,243.11481481481482,29
497,Kerala,Rice,17.0,6073.892722222223,29
498,Kerala,Sesamum,17.0,80.06681900452489,29
499,Kerala,Small millets,17.0,84.05611111111111,29
500,Kerala,Soyabean,17.0,3.75,29
493,Kerala,Other Cereals,17.0,140.5,29
502,Kerala,Sunflower,17.0,1.0,29
503,Kerala,Sweet potato,17.0,41.70609848484848,29
504,Kerala,Tapioca,17.0,6167.111211180124,29
505,Kerala,Tobacco,17.0,42.10857142857143,29
506,Kerala,Turmeric,17.0,212.64879870129872,29
507,Kerala,Urad,17.0,54.8421052631579,29
509,Kerala,other oilseeds,17.0,160.92857142857142,29
501,Kerala,Sugarcane,17.0,219.1308,29
491,Kerala,Onion,17.0,23.0175,29
490,Kerala,Moong(Green Gram),17.0,15.4,29
473,Kerala,Arecanut,17.0,6875.431242236024,29
474,Kerala,Arhar/Tur,17.0,283.0,29
475,Kerala,Banana,17.0,3952.794675324675,29
476,Kerala,Black pepper,17.0,10911.733260869565,29
477,Kerala,Cardamom,17.0,4464.119565217391,29
478,Kerala,Cashewnut,17.0,4570.93,29
479,Kerala,Coconut ,17.0,59695.639378881984,29
492,Kerala,Other  Rabi pulses,17.0,139.55555555555554,29
480,Kerala,Cotton(lint),17.0,2166.9666666666667,29
482,Kerala,Dry chillies,17.0,40.6,29
483,Kerala,Garlic,17.0,301.8805,29
484,Kerala,Ginger,17.0,534.5312337662338,29
485,Kerala,Gram,17.0,86.05733333333333,29
486,Kerala,Groundnut,17.0,1678.652,29
487,Kerala,Horse-gram,17.0,28.5,29
489,Kerala,Maize,17.0,32.272090909090906,29
481,Kerala,Cowpea(Lobia),17.0,84.23529411764706,29
488,Kerala,Jowar,17.0,517.9107142857143,29
870,Tamil Nadu,Turmeric,29.0,1067.5,30
826,Tamil Nadu,Arecanut,29.0,276.8051575931232,30
851,Tamil Nadu,Niger seed,29.0,208.55555555555554,30
852,Tamil Nadu,Onion,29.0,869.2720364741641,30
853,Tamil Nadu,Other  Rabi pulses,29.0,797.060606060606,30
854,Tamil Nadu,Other Cereals,29.0,831.0882352941177,30
855,Tamil Nadu,Other Kharif pulses,29.0,3303.404347826087,30
856,Tamil Nadu,Other Summer Pulses,30.0,14.0,30
857,Tamil Nadu,Potato,29.0,578.5211267605633,30
858,Tamil Nadu,Ragi,29.0,3021.0040106951874,30
859,Tamil Nadu,Rapeseed &Mustard,29.0,57.43511450381679,30
871,Tamil Nadu,Urad,29.0,8605.508939213349,30
861,Tamil Nadu,Sannhamp,29.0,565.8055555555555,30
862,Tamil Nadu,Sesamum,29.0,1979.6042183622828,30
863,Tamil Nadu,Small millets,29.0,1663.5521064301552,30
864,Tamil Nadu,Soyabean,29.0,52.5,30
865,Tamil Nadu,Sugarcane,29.0,9770.741732283464,30
866,Tamil Nadu,Sunflower,29.0,480.8282208588957,30
867,Tamil Nadu,Sweet potato,29.0,38.105651105651106,30
868,Tamil Nadu,Tapioca,29.0,3476.2564575645756,30
869,Tamil Nadu,Tobacco,29.0,434.92857142857144,30
850,Tamil Nadu,Moong(Green Gram),29.0,4474.093399750934,30
849,Tamil Nadu,Mesta,29.0,36.0625,30
860,Tamil Nadu,Rice,29.0,49242.388419782874,30
847,Tamil Nadu,Maize,29.0,6729.844647519582,30
848,Tamil Nadu,Masoor,29.0,2265.448275862069,30
827,Tamil Nadu,Arhar/Tur,29.0,1830.8180147058824,30
828,Tamil Nadu,Bajra,29.0,2600.3371592539456,30
829,Tamil Nadu,Banana,29.0,3059.274165202109,30
830,Tamil Nadu,Black pepper,29.0,288.0,30
832,Tamil Nadu,Cashewnut,29.0,3415.9593023255816,30
833,Tamil Nadu,Castor seed,29.0,488.0342741935484,30
834,Tamil Nadu,Coconut ,29.0,13213.449691991786,30
835,Tamil Nadu,Coriander,29.0,753.8264840182649,30
836,Tamil Nadu,Cotton(lint),29.0,3863.711801242236,30
831,Tamil Nadu,Cardamom,29.0,394.06111111111113,30
838,Tamil Nadu,Dry chillies,29.0,1940.9061371841156,30
837,Tamil Nadu,Cowpea(Lobia),29.0,1299.5202702702702,30
845,Tamil Nadu,Jowar,29.0,10198.35734870317,30
844,Tamil Nadu,Horse-gram,29.0,2370.135746606335,30
843,Tamil Nadu,Guar seed,29.0,12308.25925925926,30
846,Tamil Nadu,Jute,29.0,1.5,30
841,Tamil Nadu,Gram,29.0,406.7894736842105,30
840,Tamil Nadu,Ginger,29.0,63.5,30
839,Tamil Nadu,Garlic,29.0,135.76530612244898,30
842,Tamil Nadu,Groundnut,29.0,12756.705612829324,30
10,Andaman & Nicobar Island,Maize,1.0,60.43535714285714,31
1,Andaman & Nicobar Island,Arhar/Tur,1.0,72.57333333333332,31
2,Andaman & Nicobar Island,Banana,1.0,689.2487346938776,31
3,Andaman & Nicobar Island,Black pepper,1.0,212.1031914893617,31
4,Andaman & Nicobar Island,Cashewnut,1.0,280.78711111111113,31
5,Andaman & Nicobar Island,Coconut ,1.0,10108.9825,31
6,Andaman & Nicobar Island,Cowpea(Lobia),1.0,157.11875,31
7,Andaman & Nicobar Island,Dry chillies,1.0,130.51955555555557,31
8,Andaman & Nicobar Island,Ginger,1.0,98.22477272727274,31
9,Andaman & Nicobar Island,Groundnut,1.0,9.35,31
11,Andaman & Nicobar Island,Moong(Green Gram),1.0,350.49038461538464,31
22,Andaman & Nicobar Island,Urad,1.0,377.8566666666666,31
13,Andaman & Nicobar Island,Other Kharif pulses,1.0,272.5,31
14,Andaman & Nicobar Island,Rapeseed &Mustard,1.0,8.567333333333332,31
15,Andaman & Nicobar Island,Rice,1.0,3380.59,31
16,Andaman & Nicobar Island,Sesamum,1.0,26.886923076923075,31
17,Andaman & Nicobar Island,Sugarcane,1.0,71.463125,31
18,Andaman & Nicobar Island,Sunflower,1.0,2.9899999999999998,31
19,Andaman & Nicobar Island,Sweet potato,1.0,44.07857142857143,31
20,Andaman & Nicobar Island,Tapioca,1.0,83.2335,31
21,Andaman & Nicobar Island,Turmeric,1.0,37.627428571428574,31
23,Andaman & Nicobar Island,other oilseeds,1.0,50.802,31
12,Andaman & Nicobar Island,Oilseeds total,1.0,34.5875,31
0,Andaman & Nicobar Island,Arecanut,1.0,1830.4707843137253,31
167,,Arhar/Tur,6.0,36.0,
168,,Gram,6.0,2.3333333333333335,
169,,Maize,6.0,93.05263157894737,
170,,Masoor,6.0,6.25,
171,,Moong(Green Gram),6.0,2.3333333333333335,
172,,Onion,6.0,6.611111111111111,
173,,Potato,6.0,35.166666666666664,
174,,Rapeseed &Mustard,6.0,80.0,
175,,Rice,6.0,48.09090909090909,
176,,Sunflower,6.0,5.0,
177,,Urad,6.0,11.4,
178,,Wheat,6.0,625.8181818181819,
